大野泰正	https://news.ntv.co.jp/gimage/n24/articles/e4cbfc09bd734b7893e11752c54a0c4b/84fcd2bc-4603-47a4-aaf9-94f2538e9ee9.jpg?w=700
池田佳隆	https://www.jimin.jp/election/results/sen_shu49/candidate/img/w/ikeda-yoshitaka_l.jpg
谷川弥一	https://news.ntv.co.jp/gimage/n24/articles/1f6cd8dfe2e847e0832778befe9f56ba/463163a1-0384-4773-8f97-bc4d6dd7b39a.jpg?w=700
二階俊博	https://www.jimin.jp/member/img/nikai-toshihiro.jpg
三ツ林裕巳	https://www.jimin.jp/member/img/mitsubayashi-hiromi.jpg
萩生田光一	https://www.jimin.jp/member/img/hagyuda-koichi.jpg
山谷えり子	https://www.jimin.jp/member/img/yamatani-eriko.jpg
堀井学	https://www.jimin.jp/member/img/horii-manabu.jpg
橋本聖子	https://www.jimin.jp/member/img/hashimoto-se.jpg
武田良太	https://www.jimin.jp/member/img/takeda-ryota.jpg
中根一幸	https://www.jimin.jp/member/img/nakane-kazuyuki.jpg
平沢勝栄	https://www.jimin.jp/member/img/hirasawa-katsuei.jpg
簗和生	https://www.jimin.jp/member/img/yana-kazuo.jpg
林幹雄	https://www.jimin.jp/member/img/hayashi-motoo.jpg
杉田水脈	https://www.jimin.jp/member/img/sugita-mio.jpg
世耕弘成	https://www.jimin.jp/member/img/sekou-hiroshige.jpg
宮本周司	https://www.jimin.jp/member/img/miyamoto-syu.jpg
宗清皇一	https://www.jimin.jp/member/img/munekiyo-koichi.jpg
菅家一郎	https://www.jimin.jp/member/img/kanke-ichiro.jpg
福井照	https://www.kantei.go.jp/jp/content/fukui_teru.jpg
小田原潔	https://www.jimin.jp/member/img/odawara-kiyoshi.jpg
長崎幸太郎	https://www.pref.yamanashi.jp/images/280/photo2022.jpg
衛藤征士郎	https://www.jimin.jp/member/img/eto-seishiro.jpg
松野博一	https://www.jimin.jp/member/img/matsuno-hirokazu.jpg
高木毅	https://www.jimin.jp/member/img/takagi-tsuyoshi.jpg
大塚拓	https://www.jimin.jp/member/img/otsuka-taku.jpg
和田義明	https://www.jimin.jp/member/img/wada-yoshiaki.jpg
柴山昌彦	https://www.jimin.jp/member/img/shibayama-masahiko.jpg
堀井巌	https://www.jimin.jp/member/img/horii-i.jpg
関芳弘	https://www.jimin.jp/member/img/seki-yoshihiro.jpg
丸川珠代	https://www.jimin.jp/member/img/marukawa-ta.jpg
馳浩	https://www.pref.ishikawa.lg.jp/chiji/images/photo01.jpg
羽生田俊	https://www.jimin.jp/member/img/hanyuuda-ta.jpg
岡田直樹	https://www.jimin.jp/member/img/okada-naoki.jpg
吉野正芳	https://www.jimin.jp/member/img/yoshino-masayoshi.jpg
加田裕之	https://www.jimin.jp/member/img/kada-hiroyuki.jpg
尾身朝子	https://www.jimin.jp/member/img/omi-a.jpg
末松信介	https://www.jimin.jp/member/img/suematsu-shinsuke.jpg
細田健一	https://www.jimin.jp/member/img/hosoda-kenichi.jpg
山田宏	https://www.jimin.jp/member/img/yamada-hiroshi.jpg
西村明宏	https://www.jimin.jp/member/img/nishimura-akihiro.jpg
高鳥修一	https://www.jimin.jp/member/img/takatori-shuichi.jpg
下村博文	https://www.jimin.jp/member/img/shimomura-hakubun.jpg
根本幸典	https://www.jimin.jp/member/img/nemoto-yukinori.jpg
西田昌司	https://www.jimin.jp/member/img/nishida-syo.jpg
石井正弘	https://www.jimin.jp/member/img/ishii-ma.jpg
義家弘介	https://www.jimin.jp/member/img/yoshiie-hiroyuki.jpg
若林健太	https://www.jimin.jp/member/img/wakabayashi-kenta.jpg
亀岡偉民	https://www.jimin.jp/member/img/kameoka-yoshitami.jpg
上野通子	https://www.jimin.jp/member/img/ueno-michiko.jpg
上杉謙太郎	https://www.jimin.jp/member/img/uesugi-kentaro.jpg
佐藤啓	https://www.jimin.jp/member/img/sato-kei.jpg
森雅子	https://www.jimin.jp/member/img/mori-ma.jpg
江島潔	https://www.jimin.jp/member/img/ejima-kiyoshi.jpg
鈴木英敬	https://www.jimin.jp/member/img/suzuki-eikei.jpg
赤池誠章 	https://www.jimin.jp/member/img/akaike-masaaki.jpg
吉川ゆうみ	https://www.jimin.jp/member/img/yoshikawa-yu.jpg
木村次郎	https://www.jimin.jp/member/img/kimura-jiro.jpg
塩谷立	https://www.jimin.jp/member/img/shionoya-ryu.jpg
青山周平	https://www.jimin.jp/member/img/aoyama-shuhei.jpg
太田房江	https://www.jimin.jp/member/img/oota-fusae.jpg
松川るい	https://www.jimin.jp/member/img/matsukawa-rui.jpg
稲田朋美	https://www.jimin.jp/member/img/inada-tomomi.jpg
谷川とむ	https://www.jimin.jp/member/img/tanigawa-tomu.jpg
佐々木紀	https://www.jimin.jp/member/img/sasaki-hajime.jpg
井上義行	https://www.jimin.jp/member/img/inoue-yoshiyuki.jpg
井原巧	https://www.jimin.jp/member/img/ihara-takumi.jpg
宮内秀樹	https://www.jimin.jp/member/img/miyauchi-hideki.jpg
宮澤博行	https://www.jimin.jp/member/img/miyazawa-hiroyuki.jpg
北村経夫	https://www.jimin.jp/member/img/kitamura-tsu.jpg
長峯誠	https://www.jimin.jp/member/img/nagamine-makoto.jpg
西村康稔	https://www.jimin.jp/member/img/nishimura-yasutoshi.jpg
野上浩太郎	https://www.jimin.jp/member/img/nogami-kotaro.jpg
福田達夫	https://www.jimin.jp/member/img/fukuda-tatsuo.jpg
越智隆雄	https://www.jimin.jp/member/img/ochi-ta.jpg
衛藤晟一	https://www.jimin.jp/member/img/etou-seiichi.jpg
山田美樹	https://www.jimin.jp/member/img/yamada-miki.jpg
小森卓郎	https://www.jimin.jp/member/img/komori-takuo.jpg
田畑裕明	https://www.jimin.jp/member/img/tabata-hiroaki.jpg
鈴木淳司	https://www.jimin.jp/member/img/suzuki-ju.jpg
山本順三	https://www.jimin.jp/member/img/yamamoto-junzo.jpg
酒井庸行	https://www.jimin.jp/member/img/sakai-ya.jpg
石田昌宏	https://www.jimin.jp/member/img/ishida-masahiro.jpg
高橋はるみ	https://www.jimin.jp/member/img/takahashi-harumi.jpg
藤原崇	https://www.jimin.jp/member/img/fujiwara-takashi.jpg
宮下一郎	https://www.jimin.jp/member/img/miyashita-ichiro.jpg
加藤竜祥	https://www.jimin.jp/member/img/kato-ryusho.jpg
山崎正昭	https://www.jimin.jp/member/img/yamazaki-masaaki.jpg
古田圭一	https://www.jimin.jp/election/results/sen_shu48/candidate/img/members/furuta-ke.jpg
上野宏史	https://www.jimin.jp/election/results/sen_shu49/candidate/img/w/ueno-hiroshi.jpg
今村洋史	https://www.jimin.jp/election/results/sen_shu48/candidate/img/members/imamura-hirofumi.jpg
三ッ林裕巳	https://www.jimin.jp/member/img/mitsubayashi-hiromi.jpg
長尾敬	https://www.jimin.jp/election/results/sen_shu49/candidate/img/w/nagao-takashi_l.jpg
細田博之	https://www.jimin.jp/election/results/sen_shu49/candidate/img/w/hosoda-hi_l.jpg
岸信夫	https://www.jimin.jp/election/results/sen_shu49/candidate/img/w/kishi-no.jpg
加藤寛治	https://prod-cdn.go2senkyo.com/uploads/seijika/image_file_name/73593/thumb_a1074b3f-d20a-4815-a35a-638a2a171af2.jpg